{"$product":{"deployment_mode":"SOLO","name":"API AutoFlow Pro","version":"3.1.5"},"Service":[{"id":"data-transformation","version":{"0.0.0":{"info":{"description":"","title":""},"operation":{"1-to-n":{"do":{"__struct__":"Execution","actions":[{"__struct__":"Action","active":true,"category":"string","description":"","input":{"string":{"__struct__":"ScopeReference","path":["syslog"],"scope":"input"}},"log":false,"mockingFlag":false,"mockingValue":null,"name":"split-by-newline","output":{"__struct__":"ScopeReference","path":["output"],"scope":"variables"},"title":"","visualId":"ee80e19b-93e5-4c96-a404-5480475c8773"},{"__struct__":"Action","active":true,"category":"iteration","description":"","input":{"array":{"__struct__":"ScopeReference","path":["output"],"scope":"variables"},"foreach":{"__struct__":"Execution","actions":[{"__struct__":"Action","active":true,"category":"string","description":"","input":{"patterns":["TCP connection ","OUTSIDE:"],"string":{"__struct__":"ScopeReference","path":["value"],"scope":"ip-address"}},"log":false,"mockingFlag":false,"mockingValue":null,"name":"split-by","output":{"__struct__":"ScopeReference","path":["output"],"scope":"variables"},"title":"","visualId":"39b12613-f9da-4446-93ba-2d3901bf18fd"}],"mapping":{"__struct__":"ObjectMapping","values":[{"__struct__":"ObjectMappingKeyValue","default":null,"exclude":false,"key":"ip","title":"ip","value":{"__struct__":"ScopeReference","path":["output",2],"scope":"variables"}},{"__struct__":"ObjectMappingKeyValue","default":null,"exclude":false,"key":"port","title":"port","value":{"__struct__":"ScopeReference","path":["output",1],"scope":"variables"}}]}},"scope":"ip-address"},"log":false,"mockingFlag":false,"mockingValue":null,"name":"map","output":{"__struct__":"ScopeReference","path":["output"],"scope":"variables"},"title":"","visualId":"6aa4850f-f2cf-43f2-bd75-fa94d52df5a1"}],"mapping":{"result":{"__struct__":"ScopeReference","path":["output"],"scope":"variables"}}},"errorTypes":[],"id":"1-to-n","in":{"__struct__":"Schema","type":"arguments","value":[{"__struct__":"Field","eval":true,"handler":null,"id":"syslog","label":null,"required":true,"schema":{"__struct__":"Schema","type":"json","value":{"type":"string"}},"static":false}]},"info":{},"out":{"__struct__":"Schema","type":"arguments","value":[{"__struct__":"Field","eval":true,"handler":null,"id":"result","label":null,"required":true,"schema":{"__struct__":"Schema","type":"json","value":{}},"static":false}]},"test":{"cisco-asa":{"input":{"syslog":"%ASA-6-302013: TCP connection 933 OUTSIDE:172.217.169.68\n%ASA-6-302013: TCP connection 935 OUTSIDE:23.40.43.75"}}}},"n-to-1":{"do":{"__struct__":"Execution","actions":[{"__struct__":"Action","active":true,"category":"conditional","description":"","input":{"cases":[{"case":"website_user","value":{"__struct__":"Execution","actions":[{"__struct__":"Action","active":true,"category":"string","description":"","input":{"string":{"__struct__":"ScopeReference","path":["name"],"scope":"input"}},"log":false,"mockingFlag":false,"mockingValue":null,"name":"split","output":{"__struct__":"ScopeReference","path":["output"],"scope":"variables"},"title":"","visualId":"b13734d7-6d02-492a-bf16-98b74e86fa62"}],"mapping":{"__struct__":"ObjectMapping","values":[{"__struct__":"ObjectMappingKeyValue","default":null,"exclude":false,"key":"id","title":"id","value":{"__struct__":"ScopeReference","path":["user_id"],"scope":"input"}},{"__struct__":"ObjectMappingKeyValue","default":null,"exclude":false,"key":"first","title":"first","value":{"__struct__":"ScopeReference","path":["output",0],"scope":"variables"}},{"__struct__":"ObjectMappingKeyValue","default":null,"exclude":false,"key":"last","title":"last","value":{"__struct__":"ScopeReference","path":["output",1],"scope":"variables"}}]}}}],"default":{"__struct__":"ObjectMapping","values":[{"__struct__":"ObjectMappingKeyValue","default":null,"exclude":false,"key":"id","title":"id","value":{"__struct__":"ScopeReference","path":["user_id"],"scope":"input"}},{"__struct__":"ObjectMappingKeyValue","default":null,"exclude":false,"key":"first","title":"first","value":{"__struct__":"ScopeReference","path":["first_name"],"scope":"input"}},{"__struct__":"ObjectMappingKeyValue","default":null,"exclude":false,"key":"last","title":"last","value":{"__struct__":"ScopeReference","path":["last_name"],"scope":"input"}}]},"value":{"__struct__":"ScopeReference","path":["source"],"scope":"input"}},"log":false,"mockingFlag":false,"mockingValue":null,"name":"switch","output":{"__struct__":"ScopeReference","path":["output"],"scope":"variables"},"title":"","visualId":"937bc464-e4b6-49b1-b0e9-bdc9dff15842"}],"mapping":{"ip-port":{"__struct__":"ScopeReference","path":["output"],"scope":"variables"},"user-obj":{"__struct__":"ScopeReference","path":["output"],"scope":"variables"},"user_obj":{"__struct__":"ScopeReference","path":["output"],"scope":"variables"}}},"errorTypes":[],"id":"n-to-1","in":{"__struct__":"Schema","type":"arguments","value":[{"__struct__":"Field","eval":true,"handler":null,"id":"user_id","label":null,"required":true,"schema":{"__struct__":"Schema","type":"json","value":{}},"static":false},{"__struct__":"Field","eval":true,"handler":null,"id":"first_name","label":null,"required":true,"schema":{"__struct__":"Schema","type":"json","value":{}},"static":false},{"__struct__":"Field","eval":true,"handler":null,"id":"last_name","label":null,"required":true,"schema":{"__struct__":"Schema","type":"json","value":{}},"static":false},{"__struct__":"Field","eval":true,"handler":null,"id":"source","label":null,"required":true,"schema":{"__struct__":"Schema","type":"json","value":{}},"static":false},{"__struct__":"Field","eval":true,"handler":null,"id":"name","label":null,"required":true,"schema":{"__struct__":"Schema","type":"json","value":{}},"static":false}]},"info":{},"out":{"__struct__":"Schema","type":"arguments","value":[{"__struct__":"Field","eval":true,"handler":null,"id":"user_obj","label":null,"required":true,"schema":{"__struct__":"Schema","type":"json","value":{"type":"object"}},"static":false}]},"test":{"db_1":{"input":{"first_name":"","last_name":"","name":"John Doe","source":"website_user","user_id":"101"}},"db_2":{"input":{"first_name":"Peter","last_name":"Parker","name":"","source":"service_user","user_id":"101"}}}}}}}}],"settings":{}}